{"cameraMode":{"drawMode":0,"name":"Shaded","section":"Shading Mode"},"sceneLighting":true,"audioPlay":false,"sceneViewState":{"m_AlwaysRefresh":false,"showFog":true,"showSkybox":true,"showFlares":true,"showImageEffects":true,"showParticleSystems":true,"showVisualEffectGraphs":true,"m_FxEnabled":true},"in2DMode":false,"pivot":{"x":12.472850799560547,"y":1.7010002136230469,"z":11.736000061035157},"rotation":{"x":0.28775057196617129,"y":0.5239991545677185,"z":-0.19383451342582704,"w":0.7778664231300354},"size":1.7258882522583008,"orthographic":false}